,store,sido,gungu
0,역삼아레나빌딩  ,서울특별시,강남구
1,논현역사거리  ,서울특별시,강남구
2,신사역성일빌딩  ,서울특별시,강남구
3,국기원사거리  ,서울특별시,강남구
4,스탈릿대치R  ,서울특별시,강남구
5,봉은사역  ,서울특별시,강남구
6,압구정윤성빌딩  ,서울특별시,강남구
7,코엑스별마당  ,서울특별시,강남구
8,삼성역섬유센터R  ,서울특별시,강남구
9,압구정R  ,서울특별시,강남구
10,수서역R  ,서울특별시,강남구
11,양재강남빌딩R  ,서울특별시,강남구
12,선릉동신빌딩R  ,서울특별시,강남구
13,봉은사로선정릉  ,서울특별시,강남구
14,강남오거리  ,서울특별시,강남구
15,스타필드코엑스몰R  ,서울특별시,강남구
16,강남구청정문  ,서울특별시,강남구
17,도곡공원  ,서울특별시,강남구
18,강남R  ,서울특별시,강남구
19,대치은마사거리  ,서울특별시,강남구
20,청담영동대로  ,서울특별시,강남구
21,압구정  ,서울특별시,강남구
22,신사가로수  ,서울특별시,강남구
23,청담스타R  ,서울특별시,강남구
24,강남우성  ,서울특별시,강남구
25,학동사거리  ,서울특별시,강남구
26,대치사거리  ,서울특별시,강남구
27,포스코사거리  ,서울특별시,강남구
28,을지병원사거리  ,서울특별시,강남구
29,신사역  ,서울특별시,강남구
30,도곡역  ,서울특별시,강남구
31,서울세관사거리  ,서울특별시,강남구
32,청담사거리  ,서울특별시,강남구
33,한티역  ,서울특별시,강남구
34,역삼초교사거리  ,서울특별시,강남구
35,코엑스몰  ,서울특별시,강남구
36,가로수길  ,서울특별시,강남구
37,역삼대로  ,서울특별시,강남구
38,역삼포스코  ,서울특별시,강남구
39,강남대로  ,서울특별시,강남구
40,청담  ,서울특별시,강남구
41,삼성도심공항  ,서울특별시,강남구
42,삼성교  ,서울특별시,강남구
43,학동역  ,서울특별시,강남구
44,대치  ,서울특별시,강남구
45,SSG마켓도곡R  ,서울특별시,강남구
46,삼성  ,서울특별시,강남구
47,선릉세화빌딩  ,서울특별시,강남구
48,압구정역  ,서울특별시,강남구
49,압구정로  ,서울특별시,강남구
50,구역삼사거리  ,서울특별시,강남구
51,큰길타워  ,서울특별시,강남구
52,강남구청역  ,서울특별시,강남구
53,대치역  ,서울특별시,강남구
54,포이  ,서울특별시,강남구
55,아크플레이스  ,서울특별시,강남구
56,학여울역  ,서울특별시,강남구
57,선정릉역  ,서울특별시,강남구
58,삼성현대힐  ,서울특별시,강남구
59,GS타워  ,서울특별시,강남구
60,압구정미소  ,서울특별시,강남구
61,선릉역  ,서울특별시,강남구
62,코엑스사거리  ,서울특별시,강남구
63,역삼럭키  ,서울특별시,강남구
64,차병원사거리  ,서울특별시,강남구
65,청담공원  ,서울특별시,강남구
66,신압구정  ,서울특별시,강남구
67,아크로힐스논현  ,서울특별시,강남구
68,뱅뱅사거리  ,서울특별시,강남구
69,강남비젼타워  ,서울특별시,강남구
70,역삼역  ,서울특별시,강남구
71,압구정로데오역  ,서울특별시,강남구
72,르네상스사거리  ,서울특별시,강남구
73,포스코  ,서울특별시,강남구
74,선릉로  ,서울특별시,강남구
75,논현힐탑  ,서울특별시,강남구
76,도산가로수길  ,서울특별시,강남구
77,대치한티  ,서울특별시,강남구
78,수서역사거리  ,서울특별시,강남구
79,코엑스아셈타워  ,서울특별시,강남구
80,센터필드R  ,서울특별시,강남구
81,도산사거리  ,서울특별시,강남구
82,강남세곡  ,서울특별시,강남구
83,대치삼성프라자  ,서울특별시,강남구
84,테헤란로아남타워  ,서울특별시,강남구
85,삼성동  ,서울특별시,강남구
86,역삼이마트  ,서울특별시,강남구
87,미아뉴타운  ,서울특별시,강북구
88,강북구청사거리  ,서울특별시,강북구
89,미아사거리역  ,서울특별시,강북구
90,수유역  ,서울특별시,강북구
91,미아역  ,서울특별시,강북구
92,파라스파라서울  ,서울특별시,강북구
93,발산역사거리  ,서울특별시,강서구
94,마곡역  ,서울특별시,강서구
95,우장산역  ,서울특별시,강서구
96,마곡사이언스타워R  ,서울특별시,강서구
97,방화DT  ,서울특별시,강서구
98,마곡나루역  ,서울특별시,강서구
99,마곡GMG  ,서울특별시,강서구
100,가양역  ,서울특별시,강서구
101,화곡DT  ,서울특별시,강서구
102,양천향교역  ,서울특별시,강서구
103,화곡동  ,서울특별시,강서구
104,등촌  ,서울특별시,강서구
105,염창역  ,서울특별시,강서구
106,발산역  ,서울특별시,강서구
107,가양이마트  ,서울특별시,강서구
108,까치산역  ,서울특별시,강서구
109,등촌대로  ,서울특별시,강서구
110,가양역사거리  ,서울특별시,강서구
111,내발산  ,서울특별시,강서구
112,강서NC  ,서울특별시,강서구
113,마곡나루공원  ,서울특별시,강서구
114,강서구청사거리  ,서울특별시,강서구
115,낙성대역  ,서울특별시,관악구
116,관악서울대입구R  ,서울특별시,관악구
117,신림DT  ,서울특별시,관악구
118,서울대역  ,서울특별시,관악구
119,낙성대DT  ,서울특별시,관악구
120,사당  ,서울특별시,관악구
121,보라매대교  ,서울특별시,관악구
122,신림사거리  ,서울특별시,관악구
123,신림  ,서울특별시,관악구
124,신림타임스트림  ,서울특별시,관악구
125,서울대입구역  ,서울특별시,관악구
126,건국대  ,서울특별시,광진구
127,어린이대공원역  ,서울특별시,광진구
128,아차산역  ,서울특별시,광진구
129,올림픽대교북단  ,서울특별시,광진구
130,구의DT  ,서울특별시,광진구
131,자양사거리  ,서울특별시,광진구
132,군자역  ,서울특별시,광진구
133,광나루  ,서울특별시,광진구
134,건대스타시티  ,서울특별시,광진구
135,자양  ,서울특별시,광진구
136,강변역  ,서울특별시,광진구
137,건대입구  ,서울특별시,광진구
138,구의역  ,서울특별시,광진구
139,광장  ,서울특별시,광진구
140,건국클래식  ,서울특별시,광진구
141,자양이마트  ,서울시,광진구
142,중곡  ,서울특별시,광진구
143,금천구청역  ,서울특별시,금천구
144,가산에스케이  ,서울특별시,금천구
145,독산사거리  ,서울특별시,금천구
146,금천시흥  ,서울특별시,금천구
147,가산디지털단지역  ,서울특별시,금천구
148,금천독산  ,서울특별시,금천구
149,가산디지털  ,서울특별시,금천구
150,W-Mall  ,서울특별시,금천구
151,마리오아울렛  ,서울특별시,금천구
152,가산브이타워  ,서울특별시,금천구
153,가산그레이트  ,서울특별시,금천구
154,월계역  ,서울특별시,노원구
155,월계트레이더스  ,서울특별시,노원구
156,상계초교사거리  ,서울특별시,노원구
157,공릉DT  ,서울특별시,노원구
158,노원마들역  ,서울특별시,노원구
159,공릉역  ,서울특별시,노원구
160,은행사거리  ,서울특별시,노원구
161,노원KT  ,서울특별시,노원구
162,광운대  ,서울특별시,노원구
163,중계역  ,서울특별시,노원구
164,노원역  ,서울특별시,노원구
165,월계이마트  ,서울특별시,노원구
166,태릉입구역DT  ,서울특별시,노원구
167,창동이마트  ,서울특별시,도봉구
168,쌍문역  ,서울특별시,도봉구
169,쌍문도봉로  ,서울특별시,도봉구
170,노량진동  ,서울특별시,동작구
171,남성역  ,서울특별시,동작구
172,상도역  ,서울특별시,동작구
173,보라매공원R  ,서울특별시,동작구
174,이수자이  ,서울특별시,동작구
175,노량진역  ,서울특별시,동작구
176,신대방삼거리역  ,서울특별시,동작구
177,중앙대  ,서울특별시,동작구
178,숭실대입구역  ,서울특별시,동작구
179,숭실대  ,서울특별시,동작구
180,사당역  ,서울특별시,동작구
181,서강대프라자  ,서울특별시,마포구
182,상암YTN  ,서울특별시,마포구
183,마포용강동  ,서울특별시,마포구
184,홍대입구역사거리R  ,서울특별시,마포구
185,마포경찰서후문  ,서울특별시,마포구
186,공덕  ,서울특별시,마포구
187,합정폴리스R  ,서울특별시,마포구
188,홍대공항철도역  ,서울특별시,마포구
189,마포염리  ,서울특별시,마포구
190,서강광흥창역  ,서울특별시,마포구
191,합정  ,서울특별시,마포구
192,서강대흥역  ,서울특별시,마포구
193,서교동사거리  ,서울특별시,마포구
194,상암사보이시티  ,서울특별시,마포구
195,신촌오거리  ,서울특별시,마포구
196,상암디지털큐브  ,서울특별시,마포구
197,상수역  ,서울특별시,마포구
198,공덕오거리  ,서울특별시,마포구
199,서교  ,서울특별시,마포구
200,서강대  ,서울특별시,마포구
201,상암MBC  ,서울특별시,마포구
202,홍대역  ,서울특별시,마포구
203,동교  ,서울특별시,마포구
204,애오개역  ,서울특별시,마포구
205,상암DMC  ,서울특별시,마포구
206,마포일진빌딩  ,서울특별시,마포구
207,마포아크로  ,서울특별시,마포구
208,홍대삼거리  ,서울특별시,마포구
209,망원역  ,서울특별시,마포구
210,마포이마트  ,서울특별시,마포구
211,합정메세나몰  ,서울특별시,마포구
212,홍대역8번출구  ,서울특별시,마포구
213,망원한강공원  ,서울특별시,마포구
214,가재울뉴타운  ,서울특별시,서대문구
215,남가좌사거리  ,서울특별시,서대문구
216,신촌역  ,서울특별시,서대문구
217,연희동  ,서울특별시,서대문구
218,아현역  ,서울특별시,서대문구
219,홍제역  ,서울특별시,서대문구
220,연세백양로  ,서울특별시,서대문구
221,연희DT  ,서울특별시,서대문구
222,경기대  ,서울특별시,서대문구
223,신촌  ,서울특별시,서대문구
224,이대R  ,서울특별시,서대문구
225,연세종합관  ,서울특별시,서대문구
226,이대ECC  ,서울특별시,서대문구
227,연대  ,서울특별시,서대문구
228,신촌아트레온  ,서울특별시,서대문구
229,충정로역  ,서울특별시,서대문구
230,연대동문  ,서울특별시,서대문구
231,신촌명물거리  ,서울특별시,서대문구
232,충정타워  ,서울특별시,서대문구
233,현대신촌  ,서울특별시,서대문구
234,방배로  ,서울특별시,서초구
235,강남교보타워R  ,서울특별시,서초구
236,방배다이치빌딩  ,서울특별시,서초구
237,센트럴F1  ,서울특별시,서초구
238,서초역이화빌딩  ,서울특별시,서초구
239,서초구청  ,서울특별시,서초구
240,서초우성사거리  ,서울특별시,서초구
241,이수역사거리  ,서울특별시,서초구
242,강남대로신사  ,서울특별시,서초구
243,서울고속터미널  ,서울특별시,서초구
244,강남대로논현R  ,서울특별시,서초구
245,방배  ,서울특별시,서초구
246,방배카페거리  ,서울특별시,서초구
247,서초법원  ,서울특별시,서초구
248,청계산입구역  ,서울특별시,서초구
249,사당로데오  ,서울특별시,서초구
250,파미에파크R  ,서울특별시,서초구
251,교대역  ,서울특별시,서초구
252,양재역  ,서울특별시,서초구
253,논현역  ,서울특별시,서초구
254,이수역  ,서울특별시,서초구
255,내방역  ,서울특별시,서초구
256,서초파라곤  ,서울특별시,서초구
257,서울아트센터  ,서울특별시,서초구
258,서초중앙로  ,서울특별시,서초구
259,센트럴시티  ,서울특별시,서초구
260,강남삼성타운  ,서울특별시,서초구
261,방배역  ,서울특별시,서초구
262,반포역  ,서울특별시,서초구
263,남부터미널  ,서울특별시,서초구
264,뉴코아강남  ,서울특별시,서초구
265,강남2  ,서울특별시,서초구
266,교대  ,서울특별시,서초구
267,하이브랜드  ,서울특별시,서초구
268,신논현역  ,서울특별시,서초구
269,영동2교  ,서울특별시,서초구
270,남부터미널2  ,서울특별시,서초구
271,서래마을입구  ,서울특별시,서초구
272,몬테소리  ,서울특별시,서초구
273,서초역  ,서울특별시,서초구
274,교대법원  ,서울특별시,서초구
275,강남GT타워  ,서울특별시,서초구
276,서초동  ,서울특별시,서초구
277,서울교대  ,서울특별시,서초구
278,강남에비뉴  ,서울특별시,서초구
279,서이초교사거리  ,서울특별시,서초구
280,서울웨이브아트센터  ,서울특별시,서초구
281,길음역  ,서울특별시,성북구
282,미아이마트  ,서울특별시,성북구
283,종암DT  ,서울특별시,성북구
284,미아  ,서울특별시,성북구
285,성신여대정문  ,서울특별시,성북구
286,종암  ,서울특별시,성북구
287,삼선교  ,서울특별시,성북구
288,월곡역  ,서울특별시,성북구
289,고대  ,서울특별시,성북구
290,현대미아  ,서울특별시,성북구
291,성신여대  ,서울특별시,성북구
292,안암역  ,서울특별시,성북구
293,한성대입구역  ,서울특별시,성북구
294,장위뉴타운  ,서울특별시,성북구
295,송파나루역DT  ,서울특별시,송파구
296,송파헬리오시티  ,서울특별시,송파구
297,잠실시그마타워  ,서울특별시,송파구
298,문정법원로R  ,서울특별시,송파구
299,송파개롱역  ,서울특별시,송파구
300,문정하비오  ,서울특별시,송파구
301,문정역  ,서울특별시,송파구
302,잠실대교남단R  ,서울특별시,송파구
303,송파위례  ,서울특별시,송파구
304,송파방이DT  ,서울특별시,송파구
305,송파구청  ,서울특별시,송파구
306,올림픽평화의문  ,서울특별시,송파구
307,송파아이파크  ,서울특별시,송파구
308,송파사거리  ,서울특별시,송파구
309,석촌서호  ,서울특별시,송파구
310,문정로데오  ,서울특별시,송파구
311,올림픽훼미리  ,서울특별시,송파구
312,올림픽공원남문  ,서울특별시,송파구
313,방이역  ,서울특별시,송파구
314,석촌호수  ,서울특별시,송파구
315,잠실푸르지오월드  ,서울특별시,송파구
316,잠실새내역  ,서울특별시,송파구
317,잠실역  ,서울특별시,송파구
318,갤러리아팰리스  ,서울특별시,송파구
319,아시아선수촌  ,서울특별시,송파구
320,올림픽아파트  ,서울특별시,송파구
321,가락본동  ,서울특별시,송파구
322,석촌역  ,서울특별시,송파구
323,가락시장역  ,서울특별시,송파구
324,가든파이브  ,서울특별시,송파구
325,송파NC  ,서울특별시,송파구
326,몽촌토성역  ,서울특별시,송파구
327,송파KT  ,서울특별시,송파구
328,송파마천사거리DT  ,서울특별시,송파구
329,목동파리공원  ,서울특별시,양천구
330,등촌역  ,서울특별시,양천구
331,목동행복한  ,서울특별시,양천구
332,신정DT  ,서울특별시,양천구
333,목동역  ,서울특별시,양천구
334,목동오목로  ,서울특별시,양천구
335,목동8단지  ,서울특별시,양천구
336,오목교역  ,서울특별시,양천구
337,신월IC DT  ,서울특별시,양천구
338,목동7단지  ,서울특별시,양천구
339,목동5단지  ,서울특별시,양천구
340,목동  ,서울특별시,양천구
341,현대목동  ,서울특별시,양천구
342,목동파라곤  ,서울특별시,양천구
343,목동트라팰리스  ,서울특별시,양천구
344,목동10단지  ,서울특별시,양천구
345,신월동DT  ,서울특별시,양천구
346,타임스퀘어R  ,서울특별시,영등포구
347,샛강역  ,서울특별시,영등포구
348,영등포역  ,서울특별시,영등포구
349,당산대로  ,서울특별시,영등포구
350,여의도IFC몰(L1)R  ,서울특별시,영등포구
351,여의도KBS R  ,서울특별시,영등포구
352,여의도화재보험  ,서울특별시,영등포구
353,국회대로  ,서울특별시,영등포구
354,영등포KT  ,서울특별시,영등포구
355,여의도공원R  ,서울특별시,영등포구
356,국회의사당역  ,서울특별시,영등포구
357,선유도역  ,서울특별시,영등포구
358,여의도역R  ,서울특별시,영등포구
359,선유동이레빌딩  ,서울특별시,영등포구
360,동여의도  ,서울특별시,영등포구
361,여의도ABL타워  ,서울특별시,영등포구
362,영등포신길  ,서울특별시,영등포구
363,문래역  ,서울특별시,영등포구
364,당산  ,서울특별시,영등포구
365,여의도한양증권  ,서울특별시,영등포구
366,여의도일신  ,서울특별시,영등포구
367,신세계타임스퀘어B2  ,서울특별시,영등포구
368,하이테크시티  ,서울특별시,영등포구
369,여의도  ,서울특별시,영등포구
370,롯데캐슬여의도  ,서울특별시,영등포구
371,문래동  ,서울특별시,영등포구
372,신세계타임스퀘어1F  ,서울특별시,영등포구
373,여의도호성  ,서울특별시,영등포구
374,타임스퀘어B2  ,서울특별시,영등포구
375,영등포본동  ,서울특별시,영등포구
376,타임스퀘어2F  ,서울특별시,영등포구
377,여의도의사당  ,서울특별시,영등포구
378,여의도IFC(1F)  ,서울특별시,영등포구
379,여의도신한금융투자타워  ,서울특별시,영등포구
380,선유도역 1번출구  ,서울특별시,영등포구
381,영등포구청역  ,서울특별시,영등포구
382,서울양평역  ,서울특별시,영등포구
383,영등포시장교차로  ,서울특별시,영등포구
384,더현대서울(B2)R  ,서울특별시,영등포구
385,당산역사거리  ,서울특별시,영등포구
386,불광역  ,서울특별시,은평구
387,구파발사거리  ,서울특별시,은평구
388,연신내역사거리  ,서울특별시,은평구
389,연신내  ,서울특별시,은평구
390,구파발역  ,서울특별시,은평구
391,은평구청입구  ,서울특별시,은평구
392,은평이마트  ,서울특별시,은평구
393,구산역  ,서울특별시,은평구
394,연합뉴스  ,서울특별시,종로구
395,혜화역  ,서울특별시,종로구
396,경희궁로  ,서울특별시,종로구
397,강북삼성병원  ,서울특별시,종로구
398,종로평창동  ,서울특별시,종로구
399,광화문우체국  ,서울특별시,종로구
400,더종로R  ,서울특별시,종로구
401,독립문역  ,서울특별시,종로구
402,정부서울청사R  ,서울특별시,종로구
403,동묘앞역  ,서울특별시,종로구
404,종로구청  ,서울특별시,종로구
405,북촌로  ,서울특별시,종로구
406,종로수송  ,서울특별시,종로구
407,새문안로  ,서울특별시,종로구
408,안국  ,서울특별시,종로구
409,삼청동  ,서울특별시,종로구
410,광화문D타워  ,서울특별시,종로구
411,적선  ,서울특별시,종로구
412,인사  ,서울특별시,종로구
413,광화문R  ,서울특별시,종로구
414,성대입구  ,서울특별시,종로구
415,스페이스본  ,서울특별시,종로구
416,주얼리시티  ,서울특별시,종로구
417,종각  ,서울특별시,종로구
418,동숭로아트  ,서울특별시,종로구
419,종로관철  ,서울특별시,종로구
420,경복궁역  ,서울특별시,종로구
421,이마빌딩  ,서울특별시,종로구
422,마로니에공원  ,서울특별시,종로구
423,종로3가  ,서울특별시,종로구
424,대학로  ,서울특별시,종로구
425,경복궁사거리  ,서울특별시,종로구
426,종로관수  ,서울특별시,종로구
427,정동  ,서울특별시,종로구
428,종로플레이스  ,서울특별시,종로구
429,강북삼성병원1층  ,서울특별시,종로구
430,동숭길입구  ,서울특별시,종로구
431,서울대치과병원  ,서울특별시,종로구
432,서대문역  ,서울특별시,종로구
433,영풍문고  ,서울특별시,종로구
434,숭례문북창  ,서울특별시,중구
435,을지로4가역  ,서울특별시,중구
436,동대문두타  ,서울특별시,중구
437,대한상공회의소R  ,서울특별시,중구
438,국립중앙의료원  ,서울특별시,중구
439,동국대  ,서울특별시,중구
440,신세계본점5F  ,서울특별시,중구
441,을지로내외빌딩R  ,서울특별시,중구
442,대우재단빌딩  ,서울특별시,중구
443,동대문공원  ,서울특별시,중구
444,을지로국제빌딩  ,서울특별시,중구
445,동대입구역  ,서울특별시,중구
446,신당역사거리  ,서울특별시,중구
447,연세세브란스  ,서울특별시,중구
448,회현역  ,서울특별시,중구
449,을지로경기빌딩  ,서울특별시,중구
450,을지로2가  ,서울특별시,중구
451,신세계본점6F  ,서울특별시,중구
452,서울중앙우체국  ,서울특별시,중구
453,한국프레스센터  ,서울특별시,중구
454,명동중앙로  ,서울특별시,중구
455,약수역  ,서울특별시,중구
456,중구저동  ,서울특별시,중구
457,명동길  ,서울특별시,중구
458,서소문로  ,서울특별시,중구
459,신당역  ,서울특별시,중구
460,명동메트로  ,서울특별시,중구
461,숭례문  ,서울특별시,중구
462,순화동더샵  ,서울특별시,중구
463,대한극장  ,서울특별시,중구
464,환구단  ,서울특별시,중구
465,무교동  ,서울특별시,중구
466,문화일보  ,서울특별시,중구
467,태평로  ,서울특별시,중구
468,퍼시픽타워  ,서울특별시,중구
469,남산단암  ,서울특별시,중구
470,황학캐슬  ,서울특별시,중구
471,을지로삼화타워  ,서울특별시,중구
472,소공로  ,서울특별시,중구
473,서소문배재  ,서울특별시,중구
474,을지로한국빌딩  ,서울특별시,중구
475,KG타워  ,서울특별시,중구
476,시청  ,서울특별시,중구
477,시청플러스  ,서울특별시,중구
478,충무로역  ,서울특별시,중구
479,명동역  ,서울특별시,중구
480,명동입구  ,서울특별시,중구
481,무교로  ,서울특별시,중구
482,숭례문SG타워  ,서울특별시,중구
483,레스케이프호텔R  ,서울특별시,중구
484,별다방  ,서울특별시,중구
485,포포인츠명동  ,서울특별시,중구
486,명동남산  ,서울특별시,중구
487,명일역  ,서울특별시,강동구
488,강동구청DT  ,서울특별시,강동구
489,강동암사DT  ,서울특별시,강동구
490,굽은다리역  ,서울특별시,강동구
491,강동역  ,서울특별시,강동구
492,둔촌동  ,서울특별시,강동구
493,천호로데오  ,서울특별시,강동구
494,천호이마트  ,서울특별시,강동구
495,길동역  ,서울특별시,강동구
496,상일동  ,서울특별시,강동구
497,천호역  ,서울특별시,강동구
498,명일이마트  ,서울특별시,강동구
499,상일동역  ,서울특별시,강동구
500,천호사거리  ,서울특별시,강동구
501,올림픽공원북2문  ,서울특별시,강동구
502,천호대로길동  ,서울특별시,강동구
503,신도림  ,서울특별시,구로구
504,구로디지털타워  ,서울특별시,구로구
505,오류동역  ,서울특별시,구로구
506,구로디지털로  ,서울특별시,구로구
507,드림마크원  ,서울특별시,구로구
508,구로에이스  ,서울특별시,구로구
509,구로하이엔드  ,서울특별시,구로구
510,현대디큐브2F  ,서울특별시,구로구
511,구로호텔  ,서울특별시,구로구
512,현대디큐브B2  ,서울특별시,구로구
513,구로고척  ,서울특별시,구로구
514,구로NC  ,서울특별시,구로구
515,답십리역  ,서울특별시,동대문구
516,경희대삼거리  ,서울특별시,동대문구
517,외대정문  ,서울특별시,동대문구
518,신설동역  ,서울특별시,동대문구
519,회기역사거리  ,서울특별시,동대문구
520,외대  ,서울특별시,동대문구
521,장한평역  ,서울특별시,동대문구
522,경희대  ,서울특별시,동대문구
523,청량리역사  ,서울특별시,동대문구
524,서울숲역  ,서울특별시,성동구
525,금호역  ,서울특별시,성동구
526,뚝섬역  ,서울특별시,성동구
527,황학사거리  ,서울특별시,성동구
528,성수역  ,서울특별시,성동구
529,상왕십리역  ,서울특별시,성동구
530,왕십리역  ,서울특별시,성동구
531,한양대  ,서울특별시,성동구
532,엔터식스  ,서울특별시,성동구
533,성수이마트  ,서울특별시,성동구
534,옥수  ,서울특별시,성동구
535,성수낙낙  ,서울시,성동구
536,효창공원앞역  ,서울특별시,용산구
537,서울역서부  ,서울특별시,용산구
538,이태원역  ,서울특별시,용산구
539,한강진역R  ,서울특별시,용산구
540,용산역써밋R  ,서울특별시,용산구
541,이촌  ,서울특별시,용산구
542,신용산역  ,서울특별시,용산구
543,용산파크타워  ,서울특별시,용산구
544,남영동  ,서울특별시,용산구
545,한남동R  ,서울특별시,용산구
546,서울타워  ,서울특별시,용산구
547,서울역동자동  ,서울특별시,용산구
548,순천향입구  ,서울특별시,용산구
549,숙대  ,서울특별시,용산구
550,동빙고  ,서울특별시,용산구
551,숙대입구역  ,서울특별시,용산구
552,용산아이파크몰  ,서울특별시,용산구
553,동부이촌동  ,서울특별시,용산구
554,용산해링턴스퀘어  ,서울특별시,용산구
555,서울역사  ,서울특별시,용산구
556,용산리첸시아  ,서울특별시,용산구
557,포포인츠서울역  ,서울특별시,용산구
558,용산전자랜드  ,서울특별시,용산구
559,상봉  ,서울특별시,중랑구
560,중랑역  ,서울특별시,중랑구
561,중랑구청  ,서울특별시,중랑구
562,사가정역  ,서울특별시,중랑구
563,상봉역  ,서울특별시,중랑구
564,묵동이마트  ,서울특별시,중랑구
565,묵동  ,서울특별시,중랑구
566,중화역  ,서울특별시,중랑구
567,남이섬  ,경기도,가평군
568,소노캄고양  ,경기도,고양시
569,일산애니골DT  ,경기도,고양시
570,동국대일산병원  ,경기도,고양시
571,일산풍동DT  ,경기도,고양시
572,백석중앙로  ,경기도,고양시
573,일산식사  ,경기도,고양시
574,풍산이마트  ,경기도,고양시
575,백석역DT  ,경기도,고양시
576,백석  ,경기도,고양시
577,라페스타광장  ,경기도,고양시
578,일산백마  ,경기도,고양시
579,웨스턴돔B  ,경기도,고양시
580,마두역  ,경기도,고양시
581,일산동구청  ,경기도,고양시
582,과천DT  ,경기도,과천시
583,과천이마트  ,경기도,과천시
584,과천  ,경기도,과천시
585,광명하안대로  ,경기도,광명시
586,철산역  ,경기도,광명시
587,광명역  ,경기도,광명시
588,광명소하DT  ,경기도,광명시
589,광명소하  ,경기도,광명시
590,광명사거리역  ,경기도,광명시
591,철산로데오  ,경기도,광명시
592,광명하안  ,경기도,광명시
593,광명철산  ,경기도,광명시
594,광명AK  ,경기도,광명시
595,광명롯데몰  ,경기도,광명시
596,경기광주쌍령DT  ,경기도,광주시
597,경기광주신현DT  ,경기도,광주시
598,경기광주송정DT  ,경기도,광주시
599,경기광주  ,경기도,광주시
600,경기광주초월역DT  ,경기도,광주시
601,곤지암ICDT  ,경기도,광주시
602,구리갈매역  ,경기도,구리시
603,구리돌다리  ,경기도,구리시
604,구리장자호수  ,경기도,구리시
605,구리수택  ,경기도,구리시
606,산본사거리  ,경기도,군포시
607,산본  ,경기도,군포시
608,산본역  ,경기도,군포시
609,산본동  ,경기도,군포시
610,산본역서부사거리  ,경기도,군포시
611,다산지금  ,경기도,남양주시
612,남양주연평DT  ,경기도,남양주시
613,다산진건  ,경기도,남양주시
614,도농역  ,경기도,남양주시
615,남양주진접DT  ,경기도,남양주시
616,리버사이드팔당DTR  ,경기도,남양주시
617,별내불암로  ,경기도,남양주시
618,평내DT  ,경기도,남양주시
619,별내  ,경기도,남양주시
620,평내호평역  ,경기도,남양주시
621,남양주화도DT  ,경기도,남양주시
622,다산DT  ,경기도,남양주시
623,남양주묵현DT  ,경기도,남양주시
624,남양주삼패  ,경기도,남양주시
625,판교유스페이스  ,경기도,성남시
626,판교알파돔타워  ,경기도,성남시
627,판교아비뉴프랑R  ,경기도,성남시
628,야탑터미널  ,경기도,성남시
629,분당이매  ,경기도,성남시
630,분당율동공원  ,경기도,성남시
631,정자동  ,경기도,성남시
632,판교알파돔시티  ,경기도,성남시
633,서판교  ,경기도,성남시
634,판교브릿지타워  ,경기도,성남시
635,판교봇들마을  ,경기도,성남시
636,판교역로  ,경기도,성남시
637,서현  ,경기도,성남시
638,미금역사거리  ,경기도,성남시
639,수내로  ,경기도,성남시
640,정자역  ,경기도,성남시
641,분당구청  ,경기도,성남시
642,뉴코아야탑  ,경기도,성남시
643,미금역  ,경기도,성남시
644,수내  ,경기도,성남시
645,정자상떼뷰  ,경기도,성남시
646,서현미래에셋  ,경기도,성남시
647,야탑글라스  ,경기도,성남시
648,정자  ,경기도,성남시
649,분당서울대병원4  ,경기도,성남시
650,분당서울대병원1  ,경기도,성남시
651,서현N타운  ,경기도,성남시
652,서현역  ,경기도,성남시
653,오리역  ,경기도,성남시
654,분당정자  ,경기도,성남시
655,수내역  ,경기도,성남시
656,정자아데나  ,경기도,성남시
657,분당이마트  ,경기도,성남시
658,판교H스퀘어  ,경기도,성남시
659,오리역삼거리  ,경기도,성남시
660,판교HIPEX  ,경기도,성남시
661,분당서현역AK R  ,경기도,성남시
662,분당궁내DT  ,경기도,성남시
663,야탑역사거리  ,경기도,성남시
664,남한산성입구역  ,경기도,성남시
665,단대오거리역  ,경기도,성남시
666,수원금곡  ,경기도,수원시
667,수원세류DT  ,경기도,수원시
668,수원호매실  ,경기도,수원시
669,수원권선DT  ,경기도,수원시
670,수원권선  ,경기도,수원시
671,수원이마트  ,경기도,수원시
672,수원세류역DT  ,경기도,수원시
673,수원연무DT  ,경기도,수원시
674,북수원IC DT  ,경기도,수원시
675,수원천천  ,경기도,수원시
676,수원성균관대  ,경기도,수원시
677,수원종합운동장  ,경기도,수원시
678,수원경수인계DT  ,경기도,수원시
679,수원KBS DT  ,경기도,수원시
680,수원인계DT  ,경기도,수원시
681,수원이비스  ,경기도,수원시
682,수원매산  ,경기도,수원시
683,동수원DT  ,경기도,수원시
684,수원인계  ,경기도,수원시
685,아주대  ,경기도,수원시
686,수원나혜석거리  ,경기도,수원시
687,수원역AK R  ,경기도,수원시
688,시흥대야DT  ,경기도,시흥시
689,배곧아브뉴프랑  ,경기도,시흥시
690,시흥대야동  ,경기도,시흥시
691,배곧신도시  ,경기도,시흥시
692,시흥대야  ,경기도,시흥시
693,시흥P.아울렛 3F  ,경기도,시흥시
694,시흥P.아울렛 1F  ,경기도,시흥시
695,시화로데오  ,경기도,시흥시
696,시흥월곶  ,경기도,시흥시
697,시흥목감DT  ,경기도,시흥시
698,시흥은계  ,경기도,시흥시
699,안산고잔센트럴타워  ,경기도,안산시
700,안산상공회의소  ,경기도,안산시
701,고잔이마트  ,경기도,안산시
702,안산문화광장  ,경기도,안산시
703,안산중앙  ,경기도,안산시
704,안산중앙역  ,경기도,안산시
705,안산트레이더스  ,경기도,안산시
706,안성석정DT  ,경기도,안성시
707,안성공도DT  ,경기도,안성시
708,안성계동DT  ,경기도,안성시
709,스타필드안성R  ,경기도,안성시
710,호계지식산업센터  ,경기도,안양시
711,평촌역DT  ,경기도,안양시
712,안양범계  ,경기도,안양시
713,안양운동장사거리DT  ,경기도,안양시
714,범계역  ,경기도,안양시
715,안양호계DT  ,경기도,안양시
716,평촌호계  ,경기도,안양시
717,평촌로데오  ,경기도,안양시
718,평촌역사거리  ,경기도,안양시
719,안양비산DT  ,경기도,안양시
720,평촌아크로  ,경기도,안양시
721,범계로데오  ,경기도,안양시
722,인덕원역  ,경기도,안양시
723,안양이마트  ,경기도,안양시
724,안양역R  ,경기도,안양시
725,명학역  ,경기도,안양시
726,안양역  ,경기도,안양시
727,안양석수DT  ,경기도,안양시
728,안양일번가  ,경기도,안양시
729,양주옥정타운  ,경기도,양주시
730,양주송추DT  ,경기도,양주시
731,양주덕정역DT  ,경기도,양주시
732,양주고읍DT  ,경기도,양주시
733,양주광사DT  ,경기도,양주시
734,양주고읍  ,경기도,양주시
735,양주옥정공원  ,경기도,양주시
736,북오산IC DT  ,경기도,오산시
737,오산세교  ,경기도,오산시
738,오산갈곶DT  ,경기도,오산시
739,오산IC DT  ,경기도,오산시
740,오산시청  ,경기도,오산시
741,오산수청DT  ,경기도,오산시
742,용인세브란스병원  ,경기도,용인시
743,용인상하DT  ,경기도,용인시
744,용인언남  ,경기도,용인시
745,기흥역AK R  ,경기도,용인시
746,용인고매동  ,경기도,용인시
747,용인보라DT  ,경기도,용인시
748,용인동백DT  ,경기도,용인시
749,용인마북DT  ,경기도,용인시
750,용인기흥구청  ,경기도,용인시
751,수원IC DT  ,경기도,용인시
752,용인보정  ,경기도,용인시
753,구성트레이더스  ,경기도,용인시
754,강남대  ,경기도,용인시
755,용인보정DT  ,경기도,용인시
756,동백이마트  ,경기도,용인시
757,용인김량장DT  ,경기도,용인시
758,용인에버랜드R  ,경기도,용인시
759,용인시청DT  ,경기도,용인시
760,용인처인구청  ,경기도,용인시
761,용인마평DT  ,경기도,용인시
762,의왕청계DT  ,경기도,의왕시
763,의왕포일  ,경기도,의왕시
764,의왕내손  ,경기도,의왕시
765,의왕롯데몰  ,경기도,의왕시
766,의정부예술의전당DT  ,경기도,의정부시
767,의정부신곡DT  ,경기도,의정부시
768,의정부용현DT  ,경기도,의정부시
769,의정부공원  ,경기도,의정부시
770,의정부민락  ,경기도,의정부시
771,의정부회룡역DT  ,경기도,의정부시
772,의정부녹양DT  ,경기도,의정부시
773,의정부금오  ,경기도,의정부시
774,신세계의정부2F  ,경기도,의정부시
775,신세계의정부6F  ,경기도,의정부시
776,의정부민락타운  ,경기도,의정부시
777,의정부장암DT  ,경기도,의정부시
778,의정부이마트  ,경기도,의정부시
779,이천증포DT  ,경기도,이천시
780,이천사음DT  ,경기도,이천시
781,이천하이닉스  ,경기도,이천시
782,마장휴게소  ,경기도,이천시
783,이천터미널  ,경기도,이천시
784,포천DT  ,경기도,포천시
785,하남미사DT  ,경기도,하남시
786,하남황산사거리  ,경기도,하남시
787,스타필드위례1FR  ,경기도,하남시
788,미사역효성  ,경기도,하남시
789,하남덕풍  ,경기도,하남시
790,하남미사  ,경기도,하남시
791,스타필드하남1F(티바나)  ,경기도,하남시
792,신세계하남2F  ,경기도,하남시
793,스타필드하남2FR  ,경기도,하남시
794,하남신장  ,경기도,하남시
795,하남시청  ,경기도,하남시
796,하남풍산역  ,경기도,하남시
797,화성시청  ,경기도,화성시
798,화성봉담  ,경기도,화성시
799,화성향남  ,경기도,화성시
800,동탄카림R  ,경기도,화성시
801,동탄능동DT  ,경기도,화성시
802,동탄역  ,경기도,화성시
803,화성병점DT  ,경기도,화성시
804,동탄영천  ,경기도,화성시
805,신영통DT  ,경기도,화성시
806,동탄센트럴파크  ,경기도,화성시
807,동탄  ,경기도,화성시
808,동탄광장  ,경기도,화성시
809,동탄이마트  ,경기도,화성시
810,화성봉담DT  ,경기도,화성시
811,동탄목동  ,경기도,화성시
812,화성반월DT  ,경기도,화성시
813,송산그린시티  ,경기도,화성시
814,동탄역롯데R  ,경기도,화성시
815,화성안녕DT  ,경기도,화성시
816,동탄디엠시티  ,경기도,화성시
817,화성향남2지구  ,경기도,화성시
818,동탄호수공원  ,경기도,화성시
819,삼송역  ,경기도,고양시
820,원흥역  ,경기도,고양시
821,스타필드고양3F(티바나)  ,경기도,고양시
822,스타필드고양1FR  ,경기도,고양시
823,스타필드고양1F고메스트리트  ,경기도,고양시
824,스타필드고양3F잇토피아  ,경기도,고양시
825,고양삼송  ,경기도,고양시
826,고양DT  ,경기도,고양시
827,행신역  ,경기도,고양시
828,원당DT  ,경기도,고양시
829,화정  ,경기도,고양시
830,화정역  ,경기도,고양시
831,고양행신  ,경기도,고양시
832,고양원흥DT  ,경기도,고양시
833,고양향동  ,경기도,고양시
834,화정호국로  ,경기도,고양시
835,신흥역  ,경기도,성남시
836,성남위례  ,경기도,성남시
837,성남이마트  ,경기도,성남시
838,판교아이스퀘어  ,경기도,성남시
839,여주DT  ,경기도,여주시
840,여주P.아울렛입구  ,경기도,여주시
841,여주P.아울렛  ,경기도,여주시
842,평택비전  ,경기도,평택시
843,평택서정DT  ,경기도,평택시
844,평택안중DT  ,경기도,평택시
845,평택로데오  ,경기도,평택시
846,평택AK플라자  ,경기도,평택시
847,평택송탄  ,경기도,평택시
848,평택죽백DT  ,경기도,평택시
849,평택대DT  ,경기도,평택시
850,평택세교DT  ,경기도,평택시
851,주엽강선  ,경기도,고양시
852,일산가로수길R  ,경기도,고양시
853,일산가구단지  ,경기도,고양시
854,일산덕이DT  ,경기도,고양시
855,일산후곡  ,경기도,고양시
856,킨텍스이마트  ,경기도,고양시
857,일산탄현제니스  ,경기도,고양시
858,대화역  ,경기도,고양시
859,일산주엽  ,경기도,고양시
860,현대킨텍스  ,경기도,고양시
861,문촌사거리  ,경기도,고양시
862,일산탄현동  ,경기도,고양시
863,풍무역DT  ,경기도,김포시
864,풍무사거리DT  ,경기도,김포시
865,김포아이앤씨  ,경기도,김포시
866,김포구래  ,경기도,김포시
867,김포장기커낼  ,경기도,김포시
868,김포감정DT  ,경기도,김포시
869,김포운양  ,경기도,김포시
870,김포이마트  ,경기도,김포시
871,김포풍무DT  ,경기도,김포시
872,김포시청  ,경기도,김포시
873,김포장기  ,경기도,김포시
874,김포석모DT  ,경기도,김포시
875,부천상동역  ,경기도,부천시
876,스타필드부천  ,경기도,부천시
877,부천옥길  ,경기도,부천시
878,부천심곡DT  ,경기도,부천시
879,뉴코아부천4층  ,경기도,부천시
880,중동이마트  ,경기도,부천시
881,부천중동DT  ,경기도,부천시
882,부천신중동역  ,경기도,부천시
883,역곡역DT  ,경기도,부천시
884,부천중동  ,경기도,부천시
885,부천시청역  ,경기도,부천시
886,현대중동  ,경기도,부천시
887,부천플레이도시  ,경기도,부천시
888,송내역  ,경기도,부천시
889,부천  ,경기도,부천시
890,부천상동  ,경기도,부천시
891,중동디지털프라자  ,경기도,부천시
892,부천중동센트럴  ,경기도,부천시
893,춘의역DT  ,경기도,부천시
894,신중동  ,경기도,부천시
895,광교갤러리아9F  ,경기도,수원시
896,수원법조타운  ,경기도,수원시
897,광교역  ,경기도,수원시
898,광교엘포트R  ,경기도,수원시
899,영통R  ,경기도,수원시
900,수원망포DT  ,경기도,수원시
901,수원광교  ,경기도,수원시
902,수원트레이더스  ,경기도,수원시
903,경희대국제캠퍼스  ,경기도,수원시
904,수원망포역  ,경기도,수원시
905,광교이마트  ,경기도,수원시
906,수원영통  ,경기도,수원시
907,안산한양대  ,경기도,안산시
908,안산한대앞역  ,경기도,안산시
909,안산삼성프라자  ,경기도,안산시
910,경기양평  ,경기도,양평군
911,더양평DTR  ,경기도,양평군
912,용인죽전역R  ,경기도,용인시
913,죽전단국대  ,경기도,용인시
914,수지동천  ,경기도,용인시
915,죽전  ,경기도,용인시
916,수지성복DT  ,경기도,용인시
917,광교중앙로  ,경기도,용인시
918,죽전CGV  ,경기도,용인시
919,죽전이마트  ,경기도,용인시
920,신세계경기  ,경기도,용인시
921,수지이마트  ,경기도,용인시
922,수지풍덕천  ,경기도,용인시
923,수지성복역  ,경기도,용인시
924,파주P.아울렛1F  ,경기도,파주시
925,파주야당역  ,경기도,파주시
926,파주금촌역  ,경기도,파주시
927,파주금릉역  ,경기도,파주시
928,파주운정  ,경기도,파주시
929,파주P.아울렛3F  ,경기도,파주시
930,파주문산DT  ,경기도,파주시
931,파주산내  ,경기도,파주시
932,파주야당DT  ,경기도,파주시
933,파주운정이마트  ,경기도,파주시
934,지행역  ,경기도,동두천시
935,동두천DT  ,경기도,동두천시
936,광주운남DT  ,광주광역시,광산구
937,광주선운DT  ,광주광역시,광산구
938,광주산정DT  ,광주광역시,광산구
939,광주흑석DT  ,광주광역시,광산구
940,광주송정역  ,광주광역시,광산구
941,광주수완DT  ,광주광역시,광산구
942,광주신가DT  ,광주광역시,광산구
943,광주쌍암  ,광주광역시,광산구
944,광주장덕  ,광주광역시,광산구
945,광주하남  ,광주광역시,광산구
946,광주첨단  ,광주광역시,광산구
947,광산수완  ,광주광역시,광산구
948,광주비아DT  ,광주광역시,광산구
949,광주월산DT  ,광주광역시,남구
950,광주주월DT  ,광주광역시,남구
951,광주효천DT  ,광주광역시,남구
952,광주봉선로  ,광주광역시,남구
953,광주서문대로  ,광주광역시,남구
954,광주방림DT  ,광주광역시,남구
955,광주봉선중앙  ,광주광역시,남구
956,광주진월  ,광주광역시,남구
957,광주봉선  ,광주광역시,남구
958,광주지산DT  ,광주광역시,동구
959,광주동명  ,광주광역시,동구
960,광주지원DT  ,광주광역시,동구
961,광주지산유원지입구  ,광주광역시,동구
962,광주황금  ,광주광역시,동구
963,광주무등산  ,광주광역시,동구
964,충장서림  ,광주광역시,동구
965,광주충장로  ,광주광역시,동구
966,충장일가  ,광주광역시,동구
967,조선대  ,광주광역시,동구
968,광주오치  ,광주광역시,북구
969,광주연제DT  ,광주광역시,북구
970,광주신안DT  ,광주광역시,북구
971,광주매곡DT  ,광주광역시,북구
972,광주두암타운  ,광주광역시,북구
973,광주일곡  ,광주광역시,북구
974,광주북구청  ,광주광역시,북구
975,광주첨단신용  ,광주광역시,북구
976,광주용두DT  ,광주광역시,북구
977,전남대  ,광주광역시,북구
978,광주용봉  ,광주광역시,북구
979,동광주DT  ,광주광역시,북구
980,광주신세계DT  ,광주광역시,서구
981,광주상무DT  ,광주광역시,서구
982,광주화정DT  ,광주광역시,서구
983,광주상무중앙로  ,광주광역시,서구
984,광주상무시민로  ,광주광역시,서구
985,광주풍암  ,광주광역시,서구
986,광주금호DT  ,광주광역시,서구
987,광주상무대교  ,광주광역시,서구
988,광주동림  ,광주광역시,서구
989,신세계광주  ,광주광역시,서구
990,광주상무  ,광주광역시,서구
991,상무치평  ,광주광역시,서구
992,상무역  ,광주광역시,서구
993,신세계광주신관B1  ,광주광역시,서구
994,서광주DT  ,광주광역시,서구
995,대구영대병원역DT  ,대구광역시,남구
996,대구앞산DT  ,대구광역시,남구
997,대구가톨릭대학교병원  ,대구광역시,남구
998,계명대동산병원  ,대구광역시,달서구
999,대구죽전역  ,대구광역시,달서구
1000,대구월곡DT  ,대구광역시,달서구
1001,대구광장  ,대구광역시,달서구
1002,대구월촌역  ,대구광역시,달서구
1003,대구진천역  ,대구광역시,달서구
1004,대구도원DT  ,대구광역시,달서구
1005,대구월성  ,대구광역시,달서구
1006,대구수목원  ,대구광역시,달서구
1007,대구성서IC DT  ,대구광역시,달서구
1008,대구감삼DT  ,대구광역시,달서구
1009,대구상인역  ,대구광역시,달서구
1010,대구두류DT  ,대구광역시,달서구
1011,대구상인DT  ,대구광역시,달서구
1012,대구계명대  ,대구광역시,달서구
1013,대구성서  ,대구광역시,달서구
1014,대구서부정류장역  ,대구광역시,달서구
1015,신세계대구3F(티바나)  ,대구광역시,동구
1016,신세계대구8FR  ,대구광역시,동구
1017,동대구로DT  ,대구광역시,동구
1018,대구팔공산  ,대구광역시,동구
1019,대구봉무  ,대구광역시,동구
1020,동대구터미널  ,대구광역시,동구
1021,대구동촌유원지  ,대구광역시,동구
1022,반야월이마트  ,대구광역시,동구
1023,대구율하  ,대구광역시,동구
1024,대구각산역DT  ,대구광역시,동구
1025,대구평리DT  ,대구광역시,서구
1026,대구수성도서관DT  ,대구광역시,수성구
1027,대구그랜드호텔R  ,대구광역시,수성구
1028,국립대구박물관DT  ,대구광역시,수성구
1029,대구수성호수R  ,대구광역시,수성구
1030,대구수성동  ,대구광역시,수성구
1031,대구수성네거리DT  ,대구광역시,수성구
1032,대구중동DT  ,대구광역시,수성구
1033,대구중동네거리DT  ,대구광역시,수성구
1034,대구상동DT  ,대구광역시,수성구
1035,대구황금DT  ,대구광역시,수성구
1036,대구삼성화재  ,대구광역시,수성구
1037,대구시지  ,대구광역시,수성구
1038,대구만촌DT  ,대구광역시,수성구
1039,대구수성하이츠  ,대구광역시,수성구
1040,동아수성  ,대구광역시,수성구
1041,수성리더스  ,대구광역시,수성구
1042,수성레이크  ,대구광역시,수성구
1043,대구범어제니스  ,대구광역시,수성구
1044,대구들안길DT  ,대구광역시,수성구
1045,대구만촌이마트  ,대구광역시,수성구
1046,대구시티센터  ,대구광역시,중구
1047,대구계산  ,대구광역시,중구
1048,대구중앙로역  ,대구광역시,중구
1049,대구공평DT  ,대구광역시,중구
1050,반월당  ,대구광역시,중구
1051,동성로광장  ,대구광역시,중구
1052,동성로중앙  ,대구광역시,중구
1053,동성로로데오  ,대구광역시,중구
1054,대구반월삼성  ,대구광역시,중구
1055,대구228중앙공원  ,대구,중구
1056,대구칠성DT  ,대구광역시,북구
1057,대구유통단지  ,대구광역시,북구
1058,대구칠곡대로DT  ,대구광역시,북구
1059,대구동천  ,대구광역시,북구
1060,대구침산DT  ,대구광역시,북구
1061,대구칠곡  ,대구광역시,북구
1062,경북대  ,대구광역시,북구
1063,대구칠성이마트  ,대구광역시,북구
1064,대구테크노폴리스  ,대구광역시,달성군
1065,대구죽곡  ,대구광역시,달성군
1066,대전한남대DT  ,대전광역시,대덕구
1067,대전IC DT  ,대전광역시,대덕구
1068,대전신탄진DT  ,대전광역시,대덕구
1069,대전송촌  ,대전광역시,대덕구
1070,신탄진금강DT  ,대전광역시,대덕구
1071,대전터미널DT  ,대전광역시,동구
1072,대전판암DT  ,대전광역시,동구
1073,대전스타일마켓  ,대전광역시,동구
1074,대전가오  ,대전광역시,동구
1075,대전터미널  ,대전광역시,동구
1076,대전용전DT  ,대전광역시,동구
1077,대전정부청사역  ,대전광역시,서구
1078,대전건양대병원  ,대전광역시,서구
1079,대전탄방역  ,대전광역시,서구
1080,대전복수  ,대전광역시,서구
1081,대전둔산남로  ,대전광역시,서구
1082,대전둔산로  ,대전광역시,서구
1083,대전법원  ,대전광역시,서구
1084,대전가수원DT  ,대전광역시,서구
1085,대전수침교DT  ,대전광역시,서구
1086,대전관저  ,대전광역시,서구
1087,대전대덕로  ,대전광역시,서구
1088,대전목원대  ,대전광역시,서구
1089,대전둔산  ,대전광역시,서구
1090,대전만년  ,대전광역시,서구
1091,대전시청사거리  ,대전광역시,서구
1092,대전월평  ,대전광역시,서구
1093,둔산은하수  ,대전광역시,서구
1094,대전탄방  ,대전광역시,서구
1095,대전시청역  ,대전광역시,서구
1096,대전호텔  ,대전광역시,서구
1097,월평트레이더스  ,대전광역시,서구
1098,대전용문DT  ,대전광역시,서구
1099,대전반석역  ,대전광역시,유성구
1100,대전도안DT  ,대전광역시,유성구
1101,대전장대  ,대전광역시,유성구
1102,대전유성구청  ,대전광역시,유성구
1103,대전지족  ,대전광역시,유성구
1104,대전유성  ,대전광역시,유성구
1105,대전전민  ,대전광역시,유성구
1106,대전관평동  ,대전광역시,유성구
1107,대전조이마루  ,대전광역시,유성구
1108,대전노은  ,대전광역시,유성구
1109,충남대정문  ,대전광역시,유성구
1110,대전테크노밸리  ,대전광역시,유성구
1111,신세계대전R  ,대전광역시,유성구
1112,대전현대아울렛  ,대전광역시,유성구
1113,대전구암DT  ,대전광역시,유성구
1114,신세계대전B1  ,대전광역시,유성구
1115,대전엑스포스카이  ,대전광역시,유성구
1116,대전대사DT  ,대전광역시,중구
1117,대전태평  ,대전광역시,중구
1118,대전유천DT  ,대전광역시,중구
1119,대전중앙로R  ,대전광역시,중구
1120,대전세이1층  ,대전광역시,중구
1121,은행동  ,대전광역시,중구
1122,대전세이  ,대전광역시,중구
1123,금정남산동DT  ,부산광역시,금정구
1124,금정구청DT  ,부산광역시,금정구
1125,온천장역DT  ,부산광역시,금정구
1126,부산외대  ,부산광역시,금정구
1127,부산대정문  ,부산광역시,금정구
1128,부산대역  ,부산광역시,금정구
1129,부산대  ,부산광역시,금정구
1130,금정이마트  ,부산광역시,금정구
1131,금정구서  ,부산광역시,금정구
1132,용호동W스퀘어  ,부산광역시,남구
1133,동명대DT  ,부산광역시,남구
1134,BIFC Mall  ,부산광역시,남구
1135,대연힐스테이트  ,부산광역시,남구
1136,부산대연역  ,부산광역시,남구
1137,경성대  ,부산광역시,남구
1138,부산대연못골  ,부산광역시,남구
1139,부산역라마다  ,부산광역시,동구
1140,부산역아스티  ,부산광역시,동구
1141,부산역  ,부산광역시,동구
1142,범일동일타워  ,부산광역시,동구
1143,서면중앙대로R  ,부산광역시,부산진구
1144,서면로R  ,부산광역시,부산진구
1145,서면NC  ,부산광역시,부산진구
1146,양정역  ,부산광역시,부산진구
1147,동의대역  ,부산광역시,부산진구
1148,부산개금역  ,부산광역시,부산진구
1149,서면전포역  ,부산광역시,부산진구
1150,부산서면중앙로  ,부산광역시,부산진구
1151,서면서전로  ,부산광역시,부산진구
1152,부산서면  ,부산광역시,부산진구
1153,서면역  ,부산광역시,부산진구
1154,부전역  ,부산광역시,부산진구
1155,서면센트럴스퀘어  ,부산광역시,부산진구
1156,서면메디컬거리  ,부산광역시,부산진구
1157,서면중앙  ,부산광역시,부산진구
1158,서면트레이더스  ,부산광역시,부산진구
1159,서면엠디엠타워  ,부산광역시,부산진구
1160,서면문화로  ,부산광역시,부산진구
1161,부산덕천역  ,부산광역시,북구
1162,부산화명역  ,부산광역시,북구
1163,화명강변DT  ,부산광역시,북구
1164,부산만덕DT  ,부산광역시,북구
1165,사상주례DT  ,부산광역시,사상구
1166,동서대DT  ,부산광역시,사상구
1167,사상역  ,부산광역시,사상구
1168,사상엄궁DT  ,부산광역시,사상구
1169,다대포비치  ,부산광역시,사하구
1170,부산하단  ,부산광역시,사하구
1171,다대포DT  ,부산광역시,사하구
1172,을숙도강변DT  ,부산광역시,사하구
1173,부산동아대  ,부산광역시,사하구
1174,부산괴정역  ,부산광역시,사하구
1175,하단중앙  ,부산광역시,사하구
1176,사하장림DT  ,부산광역시,사하구
1177,부산교대역DT  ,부산광역시,연제구
1178,연산시티타워  ,부산광역시,연제구
1179,부산교대역  ,부산광역시,연제구
1180,부산연산역  ,부산광역시,연제구
1181,연산중앙로  ,부산광역시,연제구
1182,부산교대  ,부산광역시,연제구
1183,연산트레이더스  ,부산광역시,연제구
1184,부산시청  ,부산광역시,연제구
1185,영도대교  ,부산광역시,영도구
1186,부산광복로R  ,부산광역시,중구
1187,자갈치역  ,부산광역시,중구
1188,국제시장  ,부산광역시,중구
1189,부산중앙역  ,부산광역시,중구
1190,BIFF광장  ,부산광역시,중구
1191,남포동역  ,부산광역시,중구
1192,기장역DT  ,부산광역시,기장군
1193,동부산DT  ,부산광역시,기장군
1194,부산정관  ,부산광역시,기장군
1195,부산P.아울렛  ,부산광역시,기장군
1196,동부산테마파크  ,부산광역시,기장군
1197,광안수변공원  ,부산광역시,수영구
1198,수영역  ,부산광역시,수영구
1199,금련산역  ,부산광역시,수영구
1200,광안비치  ,부산광역시,수영구
1201,수영망미DT  ,부산광역시,수영구
1202,광안리  ,부산광역시,수영구
1203,남천  ,부산광역시,수영구
1204,스타필드명지  ,부산광역시,강서구
1205,명지강변DT  ,부산광역시,강서구
1206,명지국제신도시  ,부산광역시,강서구
1207,명지오션시티  ,부산광역시,강서구
1208,명지퍼스트월드  ,부산광역시,강서구
1209,동래역  ,부산광역시,동래구
1210,명륜역  ,부산광역시,동래구
1211,사직구장  ,부산광역시,동래구
1212,부산안락DT  ,부산광역시,동래구
1213,동래미남DT  ,부산광역시,동래구
1214,부산사직  ,부산광역시,동래구
1215,부산온천장역  ,부산광역시,동래구
1216,부산송도해수욕장  ,부산광역시,서구
1217,부민사거리  ,부산광역시,서구
1218,부산동대신역  ,부산광역시,서구
1219,더해운대R  ,부산광역시,해운대구
1220,수영강변DT  ,부산광역시,해운대구
1221,센텀파크  ,부산광역시,해운대구
1222,해운대역  ,부산광역시,해운대구
1223,부산재송DT  ,부산광역시,해운대구
1224,해운대  ,부산광역시,해운대구
1225,센텀로  ,부산광역시,해운대구
1226,센텀신세계B1  ,부산광역시,해운대구
1227,해운대달맞이DT  ,부산광역시,해운대구
1228,센텀그린타워  ,부산광역시,해운대구
1229,부산송정비치  ,부산광역시,해운대구
1230,장산역  ,부산광역시,해운대구
1231,하버타운  ,부산광역시,해운대구
1232,벡스코  ,부산광역시,해운대구
1233,베네시티  ,부산광역시,해운대구
1234,팔레드시즈  ,부산광역시,해운대구
1235,블루스퀘어  ,부산광역시,해운대구
1236,센텀시티역  ,부산광역시,해운대구
1237,제니스스퀘어  ,부산광역시,해운대구
1238,마린시티아이파크  ,부산광역시,해운대구
1239,해운대달맞이  ,부산광역시,해운대구
1240,해운대이마트  ,부산광역시,해운대구
1241,센텀드림월드  ,부산광역시,해운대구
1242,센텀KNN  ,부산광역시,해운대구
1243,월드마크센텀  ,부산광역시,해운대구
1244,해운대NC  ,부산광역시,해운대구
1245,해운대좌동  ,부산광역시,해운대구
1246,해운대 엑스더스카이  ,부산광역시,해운대구
1247,센텀신세계3F  ,부산광역시,해운대구
1248,해운대중동역  ,부산광역시,해운대구
1249,센텀몰1F  ,부산광역시,해운대구
1250,그랜드조선 부산  ,부산광역시,해운대구
1251,울산번영로  ,울산광역시,남구
1252,울산대공원  ,울산광역시,남구
1253,울산도산사거리DT  ,울산광역시,남구
1254,울산시청사거리DT  ,울산광역시,남구
1255,울산남구청DT  ,울산광역시,남구
1256,울산중리사거리DT  ,울산광역시,남구
1257,울산옥동  ,울산광역시,남구
1258,울산센트럴  ,울산광역시,남구
1259,울산삼산타워  ,울산광역시,남구
1260,울산삼산로  ,울산광역시,남구
1261,울산대  ,울산광역시,남구
1262,울산디자인거리  ,울산광역시,남구
1263,울산신복  ,울산광역시,남구
1264,울산삼산대로  ,울산광역시,남구
1265,울산신정DT  ,울산광역시,남구
1266,울산호계DT  ,울산광역시,북구
1267,울산북구청DT  ,울산광역시,북구
1268,울산진장  ,울산광역시,북구
1269,울산정자비치DT  ,울산광역시,북구
1270,울산화봉  ,울산광역시,북구
1271,울산간절곶  ,울산광역시,울주군
1272,울산MBC DT  ,울산광역시,중구
1273,울산성안  ,울산광역시,중구
1274,울산성남삼거리  ,울산광역시,중구
1275,울산국가정원  ,울산광역시,중구
1276,현대동구  ,울산광역시,동구
1277,울산테라스파크  ,울산광역시,동구
1278,울산대학교병원  ,울산광역시,동구
1279,현대동구5F  ,울산광역시,동구
1280,인천강화DT  ,인천광역시,강화군
1281,경인교대입구역DT  ,인천광역시,계양구
1282,인천계양  ,인천광역시,계양구
1283,인천작전  ,인천광역시,계양구
1284,인천계산역DT  ,인천광역시,계양구
1285,인천학익DT  ,인천광역시,미추홀구
1286,인천용현DT  ,인천광역시,미추홀구
1287,주안역  ,인천광역시,미추홀구
1288,인하대  ,인천광역시,미추홀구
1289,제물포역DT  ,인천광역시,미추홀구
1290,인천주안DT  ,인천광역시,미추홀구
1291,인천도화DT  ,인천광역시,미추홀구
1292,인하대역  ,인천광역시,미추홀구
1293,SSG랜더스필드2F  ,인천광역시,미추홀구
1294,SSG랜더스필드1F  ,인천광역시,미추홀구
1295,인천용일사거리DT  ,인천광역시,미추홀구
1296,송림트레이더스  ,인천광역시,동구
1297,인천갈산DT  ,인천광역시,부평구
1298,인천삼산  ,인천광역시,부평구
1299,부평사거리  ,인천광역시,부평구
1300,부평시장역  ,인천광역시,부평구
1301,부평  ,인천광역시,부평구
1302,동암역  ,인천광역시,부평구
1303,부평역  ,인천광역시,부평구
1304,부평GM  ,인천광역시,부평구
1305,인천스퀘어원  ,인천광역시,연수구
1306,인천동춘DT  ,인천광역시,연수구
1307,인천송도  ,인천광역시,연수구
1308,송도트리플R  ,인천광역시,연수구
1309,인천송도DT  ,인천광역시,연수구
1310,인천연수  ,인천광역시,연수구
1311,송도캠퍼스타운역  ,인천광역시,연수구
1312,송도커넬워크  ,인천광역시,연수구
1313,송도센트럴파크  ,인천광역시,연수구
1314,연수이마트  ,인천광역시,연수구
1315,송도캐슬파크  ,인천광역시,연수구
1316,송도현대아울렛  ,인천광역시,연수구
1317,송도컨벤시아대로DT  ,인천광역시,연수구
1318,검단사거리역  ,인천광역시,서구
1319,인천청라센트럴  ,인천광역시,서구
1320,인천청라한신  ,인천광역시,서구
1321,인천당하DT  ,인천광역시,서구
1322,인천청라타워돔  ,인천광역시,서구
1323,인천서구청DT  ,인천광역시,서구
1324,인천청라  ,인천광역시,서구
1325,인천청라DT  ,인천광역시,서구
1326,부평삼거리역DT  ,인천광역시,남동구
1327,인천구월아시아드  ,인천광역시,남동구
1328,인천터미널사거리  ,인천광역시,남동구
1329,인천서창  ,인천광역시,남동구
1330,인천간석DT  ,인천광역시,남동구
1331,인천예술회관역  ,인천광역시,남동구
1332,구월로데오  ,인천광역시,남동구
1333,구월길병원  ,인천광역시,남동구
1334,인천구월  ,인천광역시,남동구
1335,인천논현  ,인천광역시,남동구
1336,간석중앙공원DT  ,인천광역시,남동구
1337,영종하늘도시  ,인천광역시,중구
1338,인천공항T2출국  ,인천광역시,중구
1339,인천공항T2에어  ,인천광역시,중구
1340,인천공항T2입국  ,인천광역시,중구
1341,영종도운서역  ,인천광역시,중구
1342,인천공항중앙  ,인천광역시,중구
1343,인천공항랜드  ,인천광역시,중구
1344,동해DT  ,강원도,동해시
1345,설악쏘라노  ,강원도,속초시
1346,속초DT  ,강원도,속초시
1347,속초중앙로  ,강원도,속초시
1348,춘천구봉산R  ,강원도,춘천시
1349,춘천후평DT  ,강원도,춘천시
1350,춘천석사DT  ,강원도,춘천시
1351,춘천명동  ,강원도,춘천시
1352,춘천이마트  ,강원도,춘천시
1353,강원대  ,강원도,춘천시
1354,춘천퇴계DT  ,강원도,춘천시
1355,춘천온의  ,강원도,춘천시
1356,비발디파크  ,강원도,홍천군
1357,오션월드  ,강원도,홍천군
1358,강릉송정DT  ,강원도,강릉시
1359,강릉강문해변  ,강원도,강릉시
1360,강릉교동광장  ,강원도,강릉시
1361,강릉중앙로  ,강원도,강릉시
1362,강릉안목항  ,강원도,강릉시
1363,소노델피노  ,강원도,고성군
1364,원주반곡DT  ,강원도,원주시
1365,원주명륜DT  ,강원도,원주시
1366,원주무실  ,강원도,원주시
1367,원주혁신도시  ,강원도,원주시
1368,원주터미널  ,강원도,원주시
1369,김해구산DT  ,경상남도,김해시
1370,김해진영DT  ,경상남도,김해시
1371,신세계김해R  ,경상남도,김해시
1372,김해이마트  ,경상남도,김해시
1373,김해인제대  ,경상남도,김해시
1374,김해대로DT  ,경상남도,김해시
1375,김해외동DT  ,경상남도,김해시
1376,김해율하  ,경상남도,김해시
1377,김해삼계  ,경상남도,김해시
1378,김해내동  ,경상남도,김해시
1379,김해율하신도시  ,경상남도,김해시
1380,김해금관대로DT  ,경상남도,김해시
1381,밀양DT  ,경상남도,밀양시
1382,경남사천DT  ,경상남도,사천시
1383,사천벌리  ,경상남도,사천시
1384,진주평거  ,경상남도,진주시
1385,진주칠암DT  ,경상남도,진주시
1386,진주중안  ,경상남도,진주시
1387,진주신안  ,경상남도,진주시
1388,진주경상대  ,경상남도,진주시
1389,진주혁신도시  ,경상남도,진주시
1390,경상대칠암캠퍼스  ,경상남도,진주시
1391,마산회원DT  ,경상남도,창원시
1392,창원상남로  ,경상남도,창원시
1393,마산역DT  ,경상남도,창원시
1394,마산해안대로DT  ,경상남도,창원시
1395,진해자은DT  ,경상남도,창원시
1396,창원역DT  ,경상남도,창원시
1397,창원호계DT  ,경상남도,창원시
1398,창원마창대교  ,경상남도,창원시
1399,삼성창원병원  ,경상남도,창원시
1400,마산터미널  ,경상남도,창원시
1401,창원상남사거리  ,경상남도,창원시
1402,진해용원  ,경상남도,창원시
1403,창원팔용  ,경상남도,창원시
1404,창원리베라  ,경상남도,창원시
1405,창원상남중앙  ,경상남도,창원시
1406,창원상남동R  ,경상남도,창원시
1407,신세계마산  ,경상남도,창원시
1408,창원시티세븐  ,경상남도,창원시
1409,경남대  ,경상남도,창원시
1410,창원용지호수  ,경상남도,창원시
1411,마산월남동DT  ,경상남도,창원시
1412,창원반림  ,경상남도,창원시
1413,창원유니시티  ,경상남도,창원시
1414,창원중앙역  ,경상남도,창원시
1415,창원파티마병원  ,경상남도,창원시
1416,창원내서  ,경상남도,창원시
1417,통영이마트  ,경상남도,통영시
1418,거제대로DT  ,경상남도,거제시
1419,거제고현  ,경상남도,거제시
1420,소노캄거제  ,경상남도,거제시
1421,거제옥포  ,경상남도,거제시
1422,디큐브거제  ,경상남도,거제시
1423,거제옥포DT  ,경상남도,거제시
1424,남양산IC DT  ,경상남도,양산시
1425,양산증산역  ,경상남도,양산시
1426,양산가촌  ,경상남도,양산시
1427,양산덕계DT  ,경상남도,양산시
1428,양산터미널  ,경상남도,양산시
1429,양산범어  ,경상남도,양산시
1430,양산이마트  ,경상남도,양산시
1431,경산중방DT  ,경상북도,경산시
1432,영남대아트센터  ,경상북도,경산시
1433,영남대중앙도서관  ,경상북도,경산시
1434,영남대  ,경상북도,경산시
1435,대구가톨릭대  ,경상북도,경산시
1436,경산이마트  ,경상북도,경산시
1437,대구대학교  ,경상북도,경산시
1438,경산임당역DT  ,경상북도,경산시
1439,경주보문  ,경상북도,경주시
1440,경주터미널DT  ,경상북도,경주시
1441,경주황성  ,경상북도,경주시
1442,경주대릉원  ,경상북도,경주시
1443,경주보문호수DT  ,경상북도,경주시
1444,경주중앙  ,경상북도,경주시
1445,경주보문로DT  ,경상북도,경주시
1446,구미상모DT  ,경상북도,구미시
1447,구미도량DT  ,경상북도,구미시
1448,구미옥계  ,경상북도,구미시
1449,구미시청DT  ,경상북도,구미시
1450,구미인의  ,경상북도,구미시
1451,구미금오산DT  ,경상북도,구미시
1452,구미  ,경상북도,구미시
1453,구미인동  ,경상북도,구미시
1454,구미공단  ,경상북도,구미시
1455,구미광평DT  ,경상북도,구미시
1456,구미문성DT  ,경상북도,구미시
1457,구미확장단지  ,경상북도,구미시
1458,포항쌍용DT  ,경상북도,포항시
1459,포항오천  ,경상북도,포항시
1460,포항대이  ,경상북도,포항시
1461,포항이마트  ,경상북도,포항시
1462,포항애비뉴  ,경상북도,포항시
1463,포항시청  ,경상북도,포항시
1464,포항세명기독병원  ,경상북도,포항시
1465,포항포스코DT  ,경상북도,포항시
1466,문경새재  ,경상북도,문경시
1467,김천구미역  ,경상북도,김천시
1468,김천시청DT  ,경상북도,김천시
1469,안동이마트  ,경상북도,안동시
1470,안동병원  ,경상북도,안동시
1471,안동시청  ,경상북도,안동시
1472,안동옥동  ,경상북도,안동시
1473,포항죽도DT  ,경상북도,포항시
1474,포항장성DT  ,경상북도,포항시
1475,포항양덕  ,경상북도,포항시
1476,포항중앙  ,경상북도,포항시
1477,포항영일대비치  ,경상북도,포항시
1478,전남광양DT  ,전라남도,광양시
1479,목포터미널DT  ,전라남도,목포시
1480,목포하당  ,전라남도,목포시
1481,목포북항DT  ,전라남도,목포시
1482,목포옥암  ,전라남도,목포시
1483,목포평화광장  ,전라남도,목포시
1484,목포남악  ,전라남도,무안군
1485,전남도청DT  ,전라남도,무안군
1486,순천연향  ,전라남도,순천시
1487,순천신대  ,전라남도,순천시
1488,순천호수공원  ,전라남도,순천시
1489,순천조례  ,전라남도,순천시
1490,순천용당DT  ,전라남도,순천시
1491,순천이마트  ,전라남도,순천시
1492,여수해양공원  ,전라남도,여수시
1493,여수학동DT  ,전라남도,여수시
1494,여수웅천  ,전라남도,여수시
1495,여수둔덕DT  ,전라남도,여수시
1496,여수여서  ,전라남도,여수시
1497,여수여천  ,전라남도,여수시
1498,여수신월DT  ,전라남도,여수시
1499,여수마리나  ,전라남도,여수시
1500,전남화순DT  ,전라남도,화순군
1501,전남나주  ,전라남도,나주시
1502,나주혁신DT  ,전라남도,나주시
1503,익산모현  ,전라북도,익산시
1504,익산영등DT  ,전라북도,익산시
1505,익산영등  ,전라북도,익산시
1506,전주송천DT  ,전라북도,전주시
1507,전북대병원DT  ,전라북도,전주시
1508,전주혁신도시  ,전라북도,전주시
1509,전주덕진광장DT  ,전라북도,전주시
1510,전북대  ,전라북도,전주시
1511,전주에코시티  ,전라북도,전주시
1512,전주인후DT  ,전라북도,전주시
1513,전주IC DT  ,전라북도,전주시
1514,전주평화DT  ,전라북도,전주시
1515,전주백제대로DT  ,전라북도,전주시
1516,전주효자DT  ,전라북도,전주시
1517,전주서신  ,전라북도,전주시
1518,전주중화산  ,전라북도,전주시
1519,전주홍산로  ,전라북도,전주시
1520,전주한옥마을  ,전라북도,전주시
1521,전북도청  ,전라북도,전주시
1522,전주경원  ,전라북도,전주시
1523,전주신시가지  ,전라북도,전주시
1524,전주효천DT  ,전라북도,전주시
1525,전북정읍DT  ,전라북도,정읍시
1526,군산나운DT  ,전라북도,군산시
1527,군산수송  ,전라북도,군산시
1528,군산대  ,전라북도,군산시
1529,군산조촌DT  ,전라북도,군산시
1530,군산수송DT  ,전라북도,군산시
1531,공주동학사DT  ,충청남도,공주시
1532,공주신관  ,충청남도,공주시
1533,공주DT  ,충청남도,공주시
1534,논산중앙  ,충청남도,논산시
1535,논산내동DT  ,충청남도,논산시
1536,충남보령DT  ,충청남도,보령시
1537,서산예천DT  ,충청남도,서산시
1538,서산호수  ,충청남도,서산시
1539,천안신부R  ,충청남도,천안시
1540,천안청당  ,충청남도,천안시
1541,천안안서  ,충청남도,천안시
1542,천안IC DT  ,충청남도,천안시
1543,천안신부동  ,충청남도,천안시
1544,천안서북이마트  ,충청남도,천안시
1545,천안백석  ,충청남도,천안시
1546,천안불당DT  ,충청남도,천안시
1547,천안서부대로DT  ,충청남도,천안시
1548,천안두정역DT  ,충청남도,천안시
1549,천안시청  ,충청남도,천안시
1550,천안쌍용역  ,충청남도,천안시
1551,천안신불당  ,충청남도,천안시
1552,천안성정DT  ,충청남도,천안시
1553,천안불당  ,충청남도,천안시
1554,천안두정  ,충청남도,천안시
1555,천안이마트  ,충청남도,천안시
1556,천안업성레이크  ,충청남도,천안시
1557,계룡대로DT  ,충청남도,계룡시
1558,당진시곡DT  ,충청남도,당진시
1559,당진문예의전당  ,충청남도,당진시
1560,아산방축DT  ,충청남도,아산시
1561,아산배방  ,충청남도,아산시
1562,아산탕정  ,충청남도,아산시
1563,아산용화  ,충청남도,아산시
1564,아산터미널  ,충청남도,아산시
1565,아산권곡  ,충청남도,아산시
1566,충북증평  ,충청북도,증평군
1567,청주용암DT  ,충청북도,청주시
1568,청주용담DT  ,충청북도,청주시
1569,청주서문  ,충청북도,청주시
1570,충주호암DT  ,충청북도,충주시
1571,충주시청DT  ,충청북도,충주시
1572,충주터미널  ,충청북도,충주시
1573,충주연수  ,충청북도,충주시
1574,충북혁신도시  ,충청북도,음성군
1575,제천DT  ,충청북도,제천시
1576,청주비하DT  ,충청북도,청주시
1577,청주오송  ,충청북도,청주시
1578,청주봉명DT  ,충청북도,청주시
1579,청주강서  ,충청북도,청주시
1580,청주지웰시티  ,충청북도,청주시
1581,현대충청  ,충청북도,청주시
1582,청주터미널  ,충청북도,청주시
1583,청주복대지웰  ,충청북도,청주시
1584,청주이마트  ,충청북도,청주시
1585,청주사직DT  ,충청북도,청주시
1586,청주성화  ,충청북도,청주시
1587,충북대  ,충청북도,청주시
1588,청주분평DT  ,충청북도,청주시
1589,오창호수공원  ,충청북도,청주시
1590,청주율량DT  ,충청북도,청주시
1591,오창과학단지  ,충청북도,청주시
1592,제주신화월드R  ,제주특별자치도,서귀포시
1593,제주에듀시티  ,제주특별자치도,서귀포시
1594,제주성산DT  ,제주특별자치도,서귀포시
1595,제주중문DT  ,제주특별자치도,서귀포시
1596,제주송악산  ,제주특별자치도,서귀포시
1597,서귀포DT  ,제주특별자치도,서귀포시
1598,성산일출봉  ,제주특별자치도,서귀포시
1599,제주중문  ,제주특별자치도,서귀포시
1600,제주서귀포  ,제주특별자치도,서귀포시
1601,제주도남DT  ,제주특별자치도,제주시
1602,제주협재  ,제주특별자치도,제주시
1603,제주외도DT  ,제주특별자치도,제주시
1604,제주삼화DT  ,제주특별자치도,제주시
1605,제주시청  ,제주특별자치도,제주시
1606,제주함덕  ,제주특별자치도,제주시
1607,제주노형공원  ,제주특별자치도,제주시
1608,제주애월DT  ,제주특별자치도,제주시
1609,제주칠성  ,제주특별자치도,제주시
1610,제주노형  ,제주특별자치도,제주시
1611,제주용담DT  ,제주특별자치도,제주시
1612,신제주이마트  ,제주특별자치도,제주시
1613,제주서해안로DT  ,제주특별자치도,제주시
1614,제주일도DT  ,제주특별자치도,제주시
1615,세종다정DT  ,세종특별자치시,다정북로
1616,세종보람  ,세종특별자치시,한누리대로
1617,세종새롬  ,세종특별자치시,새롬중앙로
1618,세종어진R  ,세종특별자치시,한누리대로
1619,세종종촌  ,세종특별자치시,도움3로
1620,세종첫마을  ,세종특별자치시,한누리대로
1621,세종이마트  ,세종특별자치시,금송로
1622,세종청사  ,세종특별자치시,도움8로
1623,세종아름  ,세종특별자치시,아름서1길
1624,세종소담  ,세종특별자치시,소담3로
1625,세종충남대학교병원  ,세종특별자치시,보듬7로
